mask_type,method,n_images,fid
brush,baseline,100,21.375018421226684
brush,repaint,100,32.40270008280106
brush,bar,100,21.25192924551675
center,baseline,100,26.376098487838902
center,repaint,100,75.49245909780618
center,bar,100,36.29818793382469
half,baseline,100,112.30777608763714
half,repaint,100,120.60488574827019
half,bar,100,89.05122602776851
all,baseline,300,44.731638952398015
all,repaint,300,61.82478186270569
all,bar,300,39.68071303177382
